{
    "FID_latent/male2female": 9.988697727227473,
    "FID_latent/female2male": 17.419387317630836,
    "FID_latent/mean": 13.704042522429155
}