{
    "FID_reference/male2female": 19.918694250954808,
    "FID_reference/female2male": 27.940840402920223,
    "FID_reference/mean": 23.929767326937515
}